IM,MEAN,STD
0.1,0.0,0.0
0.15,0.052381,0.0064063
0.2,0.10476,0.012734
0.25,0.14119,0.017188
0.3,0.15263,0.018594
0.35,0.1632,0.019844
0.4,0.17321,0.021094
0.45,0.18282,0.022266
0.5,0.19216,0.023359
0.55,0.20127,0.024453
0.6,0.21022,0.025547
0.65,0.22432,0.027266
0.7,0.23728,0.028828
0.75,0.2495,0.030313
0.8,0.26119,0.031797
0.85,0.27249,0.033125
0.9,0.28349,0.034453
0.95,0.29426,0.035781
1.0,0.30483,0.037031
1.05,0.31525,0.038359
1.1,0.32554,0.039609
1.15,0.33402,0.040625
1.2,0.34248,0.041641
1.25,0.35093,0.042656
1.3,0.35937,0.043672
1.35,0.3678,0.044688
1.4,0.37622,0.045781
1.45,0.38463,0.046797
1.5,0.39303,0.047813
1.55,0.40142,0.048828
1.6,0.4098,0.049844
1.65,0.41818,0.050859
1.7,0.42655,0.051875
1.75,0.43492,0.052891
1.8,0.44327,0.053906
1.85,0.45163,0.054922
1.9,0.45997,0.055938
1.95,0.46832,0.056953
2.0,0.47666,0.057969
2.05,0.48499,0.058984
2.1,0.49332,0.06
2.15,0.50188,0.061016
2.2,0.51043,0.062031
2.25,0.51897,0.063125
2.3,0.52751,0.064141
2.35,0.53603,0.065156
2.4,0.54454,0.06625
2.45,0.55305,0.067266
2.5,0.56155,0.068281
2.55,0.57005,0.069297
2.6,0.57853,0.070313
2.65,0.58701,0.071406
2.7,0.59548,0.072422
2.75,0.60395,0.073438
2.8,0.61241,0.074453
2.85,0.62087,0.075469
2.9,0.62932,0.076484
2.95,0.63776,0.077578
3.0,0.6462,0.078594
3.05,0.65464,0.079609
3.1,0.66307,0.080625
3.15,0.67469,0.082031
3.2,0.68597,0.083438
3.25,0.69698,0.084766
3.3,0.70772,0.086094
3.35,0.71824,0.0875
3.4,0.72855,0.088828
3.45,0.73868,0.090234
3.5,0.74864,0.091719
3.55,0.75844,0.093203
3.6,0.76809,0.094844
3.65,0.77762,0.096562
3.7,0.78702,0.098203
3.75,0.7963,0.099766
3.8,0.80548,0.10102
3.85,0.81456,0.10172
3.9,0.82354,0.10156
3.95,0.83243,0.10016
4.0,0.84124,0.095156
4.05,0.84996,0.089922
4.1,0.85862,0.084766
4.15,0.85862,0.084766
4.2,0.85862,0.084766
4.25,0.85862,0.084766
4.3,0.85862,0.084766
4.35,0.85862,0.084766
4.4,0.85862,0.084766
4.45,0.85862,0.084766
4.5,0.85862,0.084766
4.55,0.85862,0.084766
4.6,0.85862,0.084766
4.65,0.85862,0.084766
4.7,0.85862,0.084766
4.75,0.85862,0.084766
4.8,0.85862,0.084766
4.85,0.85862,0.084766
4.9,0.85862,0.084766
4.95,0.85862,0.084766
5.0,0.85862,0.084766
5.05,0.85862,0.084766
5.1,0.85862,0.084766
5.15,0.85862,0.084766
5.2,0.85862,0.084766
5.25,0.85862,0.084766
5.3,0.85862,0.084766
5.35,0.85862,0.084766
5.4,0.85862,0.084766
5.45,0.85862,0.084766
5.5,0.85862,0.084766
5.55,0.85862,0.084766
5.6,0.85862,0.084766
5.65,0.85862,0.084766
5.7,0.85862,0.084766
5.75,0.85862,0.084766
5.8,0.85862,0.084766
5.85,0.85862,0.084766
5.9,0.85862,0.084766
5.95,0.85862,0.084766
6.0,0.85862,0.084766
6.05,0.85862,0.084766
6.1,0.85862,0.084766
6.15,0.85862,0.084766
6.2,0.85862,0.084766
6.25,0.85862,0.084766
6.3,0.85862,0.084766
6.35,0.85862,0.084766
6.4,0.85862,0.084766
6.45,0.85862,0.084766
6.5,0.85862,0.084766
6.55,0.85862,0.084766
6.6,0.85862,0.084766
6.65,0.85862,0.084766
6.7,0.85862,0.084766
6.75,0.85862,0.084766
6.8,0.85862,0.084766
6.85,0.85862,0.084766
6.9,0.85862,0.084766
6.95,0.85862,0.084766
7.0,0.85862,0.084766
7.05,0.85862,0.084766
7.1,0.85862,0.084766
7.15,0.85862,0.084766
7.2,0.85862,0.084766
7.25,0.85862,0.084766
7.3,0.85862,0.084766
7.35,0.85862,0.084766
7.4,0.85862,0.084766
7.45,0.85862,0.084766
7.5,0.85862,0.084766
7.55,0.85862,0.084766
7.6,0.85862,0.084766
7.65,0.85862,0.084766
7.7,0.85862,0.084766
7.75,0.85862,0.084766
7.8,0.85862,0.084766
7.85,0.85862,0.084766
7.9,0.85862,0.084766
7.95,0.85862,0.084766
8.0,0.85862,0.084766
8.05,0.85862,0.084766
8.1,0.85862,0.084766
8.15,0.85862,0.084766
8.2,0.85862,0.084766
8.25,0.85862,0.084766
8.3,0.85862,0.084766
8.35,0.85862,0.084766
8.4,0.85862,0.084766
8.45,0.85862,0.084766
8.5,0.85862,0.084766
8.55,0.85862,0.084766
8.6,0.85862,0.084766
8.65,0.85862,0.084766
8.7,0.85862,0.084766
8.75,0.85862,0.084766
8.8,0.85862,0.084766
8.85,0.85862,0.084766
8.9,0.85862,0.084766
8.95,0.85862,0.084766
9.0,0.85862,0.084766
9.05,0.85862,0.084766
9.1,0.85862,0.084766
9.15,0.85862,0.084766
9.2,0.85862,0.084766
9.25,0.85862,0.084766
9.3,0.85862,0.084766
9.35,0.85862,0.084766
9.4,0.85862,0.084766
9.45,0.85862,0.084766
9.5,0.85862,0.084766
9.55,0.85862,0.084766
9.6,0.85862,0.084766
9.65,0.85862,0.084766
9.7,0.85862,0.084766
9.75,0.85862,0.084766
9.8,0.85862,0.084766
9.85,0.85862,0.084766
9.9,0.85862,0.084766
9.95,0.85862,0.084766
10.0,0.85862,0.084766
10.05,0.85862,0.084766
10.1,0.85862,0.084766
